student_id,course_code,classes_held,classes_attended
S1001,CS301,40,30
S1001,CS303,40,34
S1002,CS301,39,29
S1002,CS303,40,34
S1003,CS301,39,23
S1003,CS303,40,34
S1004,CS301,40,28
S1004,CS303,40,34
S1005,CS301,40,34
S1005,CS303,40,34
S1006,CS301,40,34
S1006,CS303,40,34
S1007,CS301,40,34
S1007,CS303,40,34
S1008,CS401,40,34
S1008,CS403,40,34
S1009,CS301,40,34
S1009,CS303,40,34
S1010,CS301,40,34
S1010,CS303,40,34
S1011,CS301,40,34
S1011,CS303,40,34
S1012,CS301,41,40
S1012,CS303,42,39
S1013,CS401,37,31
S1013,CS403,37,30
S1014,CS301,36,33
S1014,CS303,36,31
S1015,CS401,46,34
S1015,CS403,45,36
S1016,CS301,48,43
S1016,CS303,45,44
S1017,CS401,44,37
S1017,CS403,41,36
S1018,CS301,46,36
S1018,CS303,44,38
S1019,CS401,37,31
S1019,CS403,43,35
S1020,CS301,41,35
S1020,CS303,43,39
S1021,EC401,42,35
S1021,EC403,43,34
S1022,EC301,42,38
S1022,EC303,38,30
S1023,EC401,36,26
S1023,EC403,44,33
S1024,EC301,46,44
S1024,EC303,42,38
S1025,EC401,43,35
S1025,EC403,41,35
S1026,EC301,38,33
S1026,EC303,41,35
S1027,EC401,37,27
S1027,EC403,47,35
S1028,EC301,48,44
S1028,EC303,46,44
S1029,EC401,44,36
S1029,EC403,39,34
S1030,EC301,40,34
S1030,EC303,39,34
S1031,EC401,41,30
S1031,EC403,45,39
S1032,EC301,47,45
S1032,EC303,43,42
S1033,EC401,42,37
S1033,EC403,37,33
S1034,EC301,41,33
S1034,EC303,44,35
S1035,EC401,39,32
S1035,EC403,39,27
S1036,EC301,41,40
S1036,EC303,46,43
S1037,EC401,43,38
S1037,EC403,45,35
S1038,EC301,43,38
S1038,EC303,37,33
S1039,EC401,36,30
S1039,EC403,37,29
S1040,EC301,39,37
S1040,EC303,40,39
