course_code,course_name,programme,semester,credits
CS201,Data Structures,B.Tech CSE,3,4
CS203,Engineering Mathematics III,B.Tech CSE,3,4
CS301,Operating Systems,B.Tech CSE,5,4
CS303,Database Management Systems,B.Tech CSE,5,4
CS401,Machine Learning,B.Tech CSE,7,4
CS403,Compiler Design,B.Tech CSE,7,4
EC201,Signals and Systems,B.Tech ECE,3,4
EC203,Engineering Mathematics III (ECE),B.Tech ECE,3,4
EC301,Analog Communication,B.Tech ECE,5,4
EC303,Microprocessors,B.Tech ECE,5,4
EC401,Digital Signal Processing,B.Tech ECE,7,4
EC403,VLSI Design,B.Tech ECE,7,4
