student_id,course_code,exam_session,exam_type,internal_marks,external_marks,total_marks,max_marks,result
S1001,CS201,2025-DEC,REGULAR,38,34,72,100,PASS
S1001,CS203,2025-DEC,REGULAR,38,34,72,100,PASS
S1002,CS201,2025-DEC,REGULAR,38,34,72,100,PASS
S1002,CS203,2025-DEC,REGULAR,38,34,72,100,PASS
S1003,CS201,2025-DEC,REGULAR,38,34,72,100,PASS
S1003,CS203,2025-DEC,REGULAR,38,34,72,100,PASS
S1004,CS201,2025-DEC,REGULAR,38,34,72,100,PASS
S1004,CS203,2025-DEC,REGULAR,38,34,72,100,PASS
S1005,CS201,2025-DEC,REGULAR,35,14,49,100,FAIL
S1005,CS203,2025-DEC,REGULAR,38,34,72,100,PASS
S1006,CS201,2025-DEC,REGULAR,38,34,72,100,PASS
S1006,CS203,2025-DEC,REGULAR,30,0,30,100,ABSENT
S1007,CS201,2025-DEC,REGULAR,20,0,20,100,DETAINED
S1007,CS203,2025-DEC,REGULAR,38,34,72,100,PASS
S1008,CS201,2024-DEC,REGULAR,30,10,40,100,FAIL
S1008,CS203,2024-DEC,REGULAR,28,12,40,100,FAIL
S1008,CS301,2025-DEC,REGULAR,32,13,45,100,FAIL
S1008,CS303,2025-DEC,REGULAR,38,34,72,100,PASS
S1009,CS201,2025-DEC,REGULAR,38,34,72,100,PASS
S1009,CS203,2025-DEC,REGULAR,38,34,72,100,PASS
S1010,CS201,2025-DEC,REGULAR,38,34,72,100,PASS
S1010,CS203,2025-DEC,REGULAR,38,34,72,100,PASS
S1011,CS201,2025-DEC,REGULAR,38,34,72,100,PASS
S1011,CS203,2025-DEC,REGULAR,38,34,72,100,PASS
S1012,CS201,2025-DEC,REGULAR,30,39,69,100,PASS
S1012,CS203,2025-DEC,REGULAR,31,33,64,100,PASS
S1013,CS201,2024-DEC,REGULAR,45,35,80,100,PASS
S1013,CS203,2024-DEC,REGULAR,29,40,69,100,PASS
S1013,CS301,2025-DEC,REGULAR,31,29,60,100,PASS
S1013,CS303,2025-DEC,REGULAR,48,42,90,100,PASS
S1014,CS201,2025-DEC,REGULAR,32,31,63,100,PASS
S1014,CS203,2025-DEC,REGULAR,41,26,67,100,PASS
S1015,CS201,2024-DEC,REGULAR,24,21,45,100,PASS
S1015,CS203,2024-DEC,REGULAR,21,27,48,100,PASS
S1015,CS301,2025-DEC,REGULAR,40,12,52,100,FAIL
S1015,CS303,2025-DEC,REGULAR,36,11,47,100,FAIL
S1016,CS201,2025-DEC,REGULAR,39,31,70,100,PASS
S1016,CS203,2025-DEC,REGULAR,35,27,62,100,PASS
S1017,CS201,2024-DEC,REGULAR,37,41,78,100,PASS
S1017,CS203,2024-DEC,REGULAR,30,25,55,100,PASS
S1017,CS301,2025-DEC,REGULAR,44,35,79,100,PASS
S1017,CS303,2025-DEC,REGULAR,33,46,79,100,PASS
S1018,CS201,2025-DEC,REGULAR,38,32,70,100,PASS
S1018,CS203,2025-DEC,REGULAR,39,41,80,100,PASS
S1019,CS201,2024-DEC,REGULAR,20,11,31,100,FAIL
S1019,CS203,2024-DEC,REGULAR,40,19,59,100,PASS
S1019,CS301,2025-DEC,REGULAR,38,28,66,100,PASS
S1019,CS303,2025-DEC,REGULAR,39,36,75,100,PASS
S1020,CS201,2025-DEC,REGULAR,47,25,72,100,PASS
S1020,CS203,2025-DEC,REGULAR,43,23,66,100,PASS
S1021,EC201,2024-DEC,REGULAR,42,34,76,100,PASS
S1021,EC203,2024-DEC,REGULAR,45,30,75,100,PASS
S1021,EC301,2025-DEC,REGULAR,32,35,67,100,PASS
S1021,EC303,2025-DEC,REGULAR,45,30,75,100,PASS
S1022,EC201,2025-DEC,REGULAR,32,29,61,100,PASS
S1022,EC203,2025-DEC,REGULAR,35,22,57,100,PASS
S1023,EC201,2024-DEC,REGULAR,36,20,56,100,PASS
S1023,EC203,2024-DEC,REGULAR,22,32,54,100,PASS
S1023,EC301,2025-DEC,REGULAR,34,29,63,100,PASS
S1023,EC303,2025-DEC,REGULAR,38,31,69,100,PASS
S1024,EC201,2025-DEC,REGULAR,40,25,65,100,PASS
S1024,EC203,2025-DEC,REGULAR,43,42,85,100,PASS
S1025,EC201,2024-DEC,REGULAR,31,22,53,100,PASS
S1025,EC203,2024-DEC,REGULAR,46,26,72,100,PASS
S1025,EC301,2025-DEC,REGULAR,45,25,70,100,PASS
S1025,EC303,2025-DEC,REGULAR,39,41,80,100,PASS
S1026,EC201,2025-DEC,REGULAR,43,25,68,100,PASS
S1026,EC203,2025-DEC,REGULAR,31,37,68,100,PASS
S1027,EC201,2024-DEC,REGULAR,26,25,51,100,PASS
S1027,EC203,2024-DEC,REGULAR,40,15,55,100,PASS
S1027,EC301,2025-DEC,REGULAR,34,10,44,100,FAIL
S1027,EC303,2025-DEC,REGULAR,24,26,50,100,PASS
S1028,EC201,2025-DEC,REGULAR,36,38,74,100,PASS
S1028,EC203,2025-DEC,REGULAR,39,27,66,100,PASS
S1029,EC201,2024-DEC,REGULAR,34,29,63,100,PASS
S1029,EC203,2024-DEC,REGULAR,40,45,85,100,PASS
S1029,EC301,2025-DEC,REGULAR,35,28,63,100,PASS
S1029,EC303,2025-DEC,REGULAR,44,37,81,100,PASS
S1030,EC201,2025-DEC,REGULAR,39,36,75,100,PASS
S1030,EC203,2025-DEC,REGULAR,39,33,72,100,PASS
S1031,EC201,2024-DEC,REGULAR,37,36,73,100,PASS
S1031,EC203,2024-DEC,REGULAR,18,25,43,100,PASS
S1031,EC301,2025-DEC,REGULAR,38,21,59,100,PASS
S1031,EC303,2025-DEC,REGULAR,38,12,50,100,FAIL
S1032,EC201,2025-DEC,REGULAR,41,42,83,100,PASS
S1032,EC203,2025-DEC,REGULAR,38,24,62,100,PASS
S1033,EC201,2024-DEC,REGULAR,33,26,59,100,PASS
S1033,EC203,2024-DEC,REGULAR,28,26,54,100,PASS
S1033,EC301,2025-DEC,REGULAR,46,36,82,100,PASS
S1033,EC303,2025-DEC,REGULAR,48,26,74,100,PASS
S1034,EC201,2025-DEC,REGULAR,28,45,73,100,PASS
S1034,EC203,2025-DEC,REGULAR,48,25,73,100,PASS
S1035,EC201,2024-DEC,REGULAR,24,19,43,100,PASS
S1035,EC203,2024-DEC,REGULAR,34,17,51,100,PASS
S1035,EC301,2025-DEC,REGULAR,36,20,56,100,PASS
S1035,EC303,2025-DEC,REGULAR,26,27,53,100,PASS
S1036,EC201,2025-DEC,REGULAR,44,35,79,100,PASS
S1036,EC203,2025-DEC,REGULAR,44,26,70,100,PASS
S1037,EC201,2024-DEC,REGULAR,32,27,59,100,PASS
S1037,EC203,2024-DEC,REGULAR,32,37,69,100,PASS
S1037,EC301,2025-DEC,REGULAR,47,45,92,100,PASS
S1037,EC303,2025-DEC,REGULAR,31,39,70,100,PASS
S1038,EC201,2025-DEC,REGULAR,29,29,58,100,PASS
S1038,EC203,2025-DEC,REGULAR,34,30,64,100,PASS
S1039,EC201,2024-DEC,REGULAR,37,26,63,100,PASS
S1039,EC203,2024-DEC,REGULAR,37,26,63,100,PASS
S1039,EC301,2025-DEC,REGULAR,24,32,56,100,PASS
S1039,EC303,2025-DEC,REGULAR,26,24,50,100,PASS
S1040,EC201,2025-DEC,REGULAR,34,36,70,100,PASS
S1040,EC203,2025-DEC,REGULAR,32,35,67,100,PASS
