student_id,full_name,programme,batch_year,current_semester,cgpa,active_backlogs
S1001,Aarav Malhotra,B.Tech CSE,2024,5,7.2,0
S1002,Ishita Verma,B.Tech CSE,2024,5,7.2,0
S1003,Kabir Sethi,B.Tech CSE,2024,5,7.2,0
S1004,Meera Iyer,B.Tech CSE,2024,5,7.2,0
S1005,Rohan Bhatia,B.Tech CSE,2024,5,7.2,1
S1006,Tanvi Kulkarni,B.Tech CSE,2024,5,7.2,1
S1007,Arjun Nair,B.Tech CSE,2024,5,7.2,1
S1008,Devika Rao,B.Tech CSE,2023,7,6.1,3
S1009,Nikhil Chauhan,B.Tech CSE,2024,5,5.0,0
S1010,Priya Menon,B.Tech CSE,2024,5,8.0,0
S1011,Sahil Gupta,B.Tech CSE,2024,5,7.99,0
S1012,Ananya Sharma,B.Tech CSE,2024,5,8.87,0
S1013,Vivaan Kapoor,B.Tech CSE,2023,7,6.69,0
S1014,Diya Reddy,B.Tech CSE,2024,5,7.4,0
S1015,Aditya Joshi,B.Tech CSE,2023,7,6.24,2
S1016,Saanvi Mishra,B.Tech CSE,2024,5,9.05,0
S1017,Reyansh Pillai,B.Tech CSE,2023,7,7.91,0
S1018,Kavya Desai,B.Tech CSE,2024,5,7.72,0
S1019,Vihaan Bose,B.Tech CSE,2023,7,6.66,1
S1020,Aditi Saxena,B.Tech CSE,2024,5,8.33,0
S1021,Krishna Pandit,B.Tech ECE,2023,7,7.98,0
S1022,Myra Agarwal,B.Tech ECE,2024,5,7.42,0
S1023,Ayaan Khanna,B.Tech ECE,2023,7,6.65,0
S1024,Riya Chatterjee,B.Tech ECE,2024,5,8.6,0
S1025,Shaurya Tiwari,B.Tech ECE,2023,7,7.82,0
S1026,Anika Dutta,B.Tech ECE,2024,5,7.25,0
S1027,Atharv Bansal,B.Tech ECE,2023,7,6.7,1
S1028,Navya Ghosh,B.Tech ECE,2024,5,8.53,0
S1029,Dhruv Mehta,B.Tech ECE,2023,7,6.64,0
S1030,Ira Banerjee,B.Tech ECE,2024,5,6.74,0
S1031,Arnav Sinha,B.Tech ECE,2023,7,6.07,1
S1032,Pari Jain,B.Tech ECE,2024,5,9.2,0
S1033,Yash Rawat,B.Tech ECE,2023,7,7.43,0
S1034,Sara Fernandes,B.Tech ECE,2024,5,7.91,0
S1035,Laksh Arora,B.Tech ECE,2023,7,6.69,0
S1036,Tara Hegde,B.Tech ECE,2024,5,8.8,0
S1037,Om Prakash Yadav,B.Tech ECE,2023,7,7.56,0
S1038,Zoya Qureshi,B.Tech ECE,2024,5,6.74,0
S1039,Neel Kaul,B.Tech ECE,2023,7,6.21,0
S1040,Avni Thakur,B.Tech ECE,2024,5,8.18,0
